{"cameraMode":{"drawMode":0,"name":"Shaded","section":"Shading Mode"},"sceneLighting":true,"audioPlay":false,"sceneViewState":{"m_AlwaysRefresh":false,"showFog":true,"showSkybox":true,"showFlares":true,"showImageEffects":true,"showParticleSystems":true,"showVisualEffectGraphs":true,"m_FxEnabled":true},"in2DMode":false,"pivot":{"x":390.95050048828127,"y":21.497507095336915,"z":337.260009765625},"rotation":{"x":0.006593821570277214,"y":0.8257691264152527,"z":0.009653372690081597,"w":-0.5638998746871948},"size":65.14646911621094,"orthographic":false}